{
  "Total" : {
    "transaction" : "Total",
    "sampleCount" : 4693216,
    "errorCount" : 0,
    "errorPct" : 0.0,
    "meanResTime" : 672.4275726921026,
    "medianResTime" : 7.0,
    "minResTime" : 0.0,
    "maxResTime" : 55231.0,
    "pct1ResTime" : 15723.200000000099,
    "pct2ResTime" : 35147.95,
    "pct3ResTime" : 49457.94000000001,
    "throughput" : 3898.204483102605,
    "receivedKBytesPerSec" : 2610.768912673814,
    "sentKBytesPerSec" : 2946.494404220133
  },
  "HTTP Request" : {
    "transaction" : "HTTP Request",
    "sampleCount" : 4693216,
    "errorCount" : 0,
    "errorPct" : 0.0,
    "meanResTime" : 672.4275726921026,
    "medianResTime" : 7.0,
    "minResTime" : 0.0,
    "maxResTime" : 55231.0,
    "pct1ResTime" : 15723.200000000099,
    "pct2ResTime" : 35147.95,
    "pct3ResTime" : 49457.94000000001,
    "throughput" : 3898.204483102605,
    "receivedKBytesPerSec" : 2610.768912673814,
    "sentKBytesPerSec" : 2946.494404220133
  }
}