{
  "Total" : {
    "transaction" : "Total",
    "sampleCount" : 10105844,
    "errorCount" : 0,
    "errorPct" : 0.0,
    "meanResTime" : 309.5780027873059,
    "medianResTime" : 5.0,
    "minResTime" : 0.0,
    "maxResTime" : 33446.0,
    "pct1ResTime" : 49.0,
    "pct2ResTime" : 145.0,
    "pct3ResTime" : 698.9900000000016,
    "throughput" : 8345.93639284151,
    "receivedKBytesPerSec" : 5588.045744937009,
    "sentKBytesPerSec" : 6308.3542656829395
  },
  "HTTP Request" : {
    "transaction" : "HTTP Request",
    "sampleCount" : 10105844,
    "errorCount" : 0,
    "errorPct" : 0.0,
    "meanResTime" : 309.5780027873059,
    "medianResTime" : 5.0,
    "minResTime" : 0.0,
    "maxResTime" : 33446.0,
    "pct1ResTime" : 49.0,
    "pct2ResTime" : 145.0,
    "pct3ResTime" : 698.9900000000016,
    "throughput" : 8345.93639284151,
    "receivedKBytesPerSec" : 5588.045744937009,
    "sentKBytesPerSec" : 6308.3542656829395
  }
}