{
  "Total" : {
    "transaction" : "Total",
    "sampleCount" : 10569767,
    "errorCount" : 0,
    "errorPct" : 0.0,
    "meanResTime" : 298.31727681415055,
    "medianResTime" : 3.0,
    "minResTime" : 0.0,
    "maxResTime" : 31017.0,
    "pct1ResTime" : 180.8000000000029,
    "pct2ResTime" : 938.0,
    "pct3ResTime" : 10535.960000000006,
    "throughput" : 8756.185797600901,
    "receivedKBytesPerSec" : 5862.726802094035,
    "sentKBytesPerSec" : 6618.4451243584945
  },
  "HTTP Request" : {
    "transaction" : "HTTP Request",
    "sampleCount" : 10569767,
    "errorCount" : 0,
    "errorPct" : 0.0,
    "meanResTime" : 298.31727681415055,
    "medianResTime" : 3.0,
    "minResTime" : 0.0,
    "maxResTime" : 31017.0,
    "pct1ResTime" : 180.8000000000029,
    "pct2ResTime" : 938.0,
    "pct3ResTime" : 10535.960000000006,
    "throughput" : 8756.185797600901,
    "receivedKBytesPerSec" : 5862.726802094035,
    "sentKBytesPerSec" : 6618.4451243584945
  }
}